num_pays,code_pays,pays,Dispo_proteine_g_personne_jour,person_2021,Taux_change_unit_devises_local_par_$US_Moy_period,Stabilité_Politique,PIB_par_habitant,lpi_AVG_2007_2022,Inflation_prix_à_la consommation_%_annuel,Governance_Performance,"Cost of animal source foods valeur 
(PPP dollar per person per day)",Corruption_Value,mediane_epi,Quantité_production_poulet_kg_par_pers
710,ZAF,Afrique du Sud,34.6,59392255.0,14.77867821,-0.75,75987.07811,3.58,4.611672178,-0.07,1.1,-0.03,43.1,32.15907528683664
8,ALB,Albanie,25.1,2811666.0,103.52,0.2,577828.5683,2.44,2.041471631,-0.04,1.2,-0.58,49.0,4.712508526972976
12,DZA,Algérie,8.6,44177969.0,135.0640583,-0.99,515395.9573,2.33,7.226063074,-0.65,1.3,-0.64,44.8,6.191325816720999
276,DEU,Allemagne,32.4,83196078.0,17.300494354999998,0.73,38665.63686,4.19,3.066666667,1.29,0.7,1.78,77.2,12.981381165588118
20,AND,Andorre,25.15,79034.0,0.8453765644,0.18,32545.48675,2.64,3.475403203,-0.045,1.0,-0.055,45.599999999999994,756.3833286939798
24,AGO,Angola,9.0,34503774.0,631.4419555,-0.71,42842.50181,2.21,25.75429488,-1.13,1.1,-0.65,30.5,1.6051780306699204
660,AIA,Anguilla,25.15,6085450.0,17.300494354999998,1.53,57721.568784999996,2.64,3.475403203,0.92,1.0,0.64,45.599999999999994,9.823431299246563
10,ATA,Antarctique,25.15,6085450.0,17.300494354999998,0.18,57721.568784999996,2.64,3.475403203,-0.045,1.0,-0.055,45.599999999999994,9.823431299246563
28,ATG,Antigua-et-Barbuda,38.7,93219.0,2.7,0.95,43545.95093,2.66,2.062996385,-0.19,0.7,0.23,52.4,0.3604415408875873
682,SAU,Arabie saoudite,25.3,35950396.0,3.75,-0.59,90448.01237,3.07,3.063289889,0.47,1.0,0.28,44.0,25.86897791056321
32,ARG,Argentine,53.7,45808747.0,94.99074167,0.0,15096.13529,2.89,3.475403203,-0.39,1.0,-0.42,52.2,50.07998581580937
51,ARM,Arménie,28.0,2790974.0,503.769675,-0.8,2021108.151,2.45,7.184836294,-0.28,1.0,0.05,52.3,5.231148695759975
533,ABW,Aruba,25.15,106537.0,1.79,1.43,47369.42592,2.64,3.475403203,1.08,0.8,0.8,45.599999999999994,561.1196110271549
36,AUS,Australie,48.2,25685412.0,1.33122426,0.84,87119.29558,3.79,2.863910422,1.47,0.5,1.71,74.12,50.310269502393034
40,AUT,Autriche,33.4,8955797.0,17.300494354999998,0.9,40544.29662,3.96,2.766666667,1.53,0.6,1.24,78.97,14.447625376055308
31,AZE,Azerbaïdjan,18.2,10137750.0,1.7,-0.84,3030.78691,2.4,6.650299127,0.21,1.0,-0.85,46.5,12.269783729131218
44,BHS,Bahamas,48.9,407906.0,1.0,0.85,27665.00125,2.62,2.904912629,0.42,1.0,1.15,54.99,15.047584492505626
48,BHR,Bahreïn,39.0,1463265.0,0.376,-0.52,8685.221064,3.09,-0.6063193851,0.68,1.2,0.14,51.0,5.646277331857182
50,BGD,Bangladesh,2.2,169356251.0,85.08376325,-1.04,167336.2739,2.56,5.545654308,-0.66,1.4,-0.99,29.0,1.2744637338482416
52,BRB,Barbade,37.5,281200.0,2.0,1.12,28624.36344,2.64,3.475403203,0.5,1.0,1.21,53.2,46.88122332859175
56,BEL,Belgique,31.3,11586195.0,17.300494354999998,0.66,39002.37308,4.08,2.440248511,1.09,0.5,1.46,73.3,38.641676581483395
84,BLZ,Belize,23.9,400031.0,2.0,0.27,11532.22614,2.64,3.235636592,-0.53,0.7,-0.33,50.0,47.96378280683247
60,BMU,Bermudes,25.15,63764.0,1.0,1.0,99344.55178,2.64,3.475403203,1.47,0.6,1.28,45.599999999999994,937.5196035380466
64,BTN,Bhoutan,6.3,777486.0,73.91801282,0.8,222733.811,2.37,7.346814405,0.7,1.3,1.51,42.5,2.399400117815626
104,MMR,Birmanie,8.9,53798084.0,17.300494354999998,-2.08,1376324.025,2.28,3.475403203,-1.41,1.0,-1.05,25.1,11.524573997839774
112,BLR,Biélorussie,41.3,9302585.0,2.538675,-0.75,13572.57149,2.48,9.460283896,-0.8,0.9,-0.26,53.0,54.092491495643415
68,BOL,Bolivie,35.1,12079472.0,6.91,-0.28,3948.861266,2.33,0.7373837215,-0.76,1.2,-0.88,44.3,41.90150860898556
70,BIH,Bosnie-Herzégovine,20.7,3270943.0,1.653606154,-0.42,10488.7667,2.65,3.475403203,-1.07,1.0,-0.67,41.84,19.47542344822273
72,BWA,Botswana,15.9,2588423.0,11.08725833,1.04,72520.42865,2.7,7.240977656,0.32,1.2,0.67,51.7,0.4894099612003139
96,BRN,Brunei,25.15,445373.0,1.343806963,1.17,42678.28719,2.64,1.733413885,1.41,1.2,1.22,54.8,70.60284301024086
76,BRA,Brésil,44.4,214326223.0,5.39440079,-0.42,19628.64608,3.13,8.301659756,-0.49,0.8,-0.5,51.2,66.8560281585329
100,BGR,Bulgarie,27.5,6877743.0,1.653775,0.36,15228.33275,3.01,3.297744353,-0.17,1.0,-0.26,57.0,13.184557782982004
854,BFA,Burkina Faso,15.1,22100683.0,554.530675,-1.64,438615.5933,2.42,3.653532872,-0.76,0.9,-0.08,38.3,6.747348034447623
108,BDI,Burundi,1.7,12551213.0,1975.950881,-1.26,146670.5084,2.37,8.404538451,-1.36,1.6,-1.6,27.43,0.6555940051371927
204,BEN,Bénin,7.5,12996895.0,554.6077989,-0.4,717776.8734,2.63,1.733539627,-0.24,1.2,-0.17,30.0,0.7201258454423153
116,KHM,Cambodge,5.8,16589023.0,4098.722795,-0.13,3405003.953,2.48,2.920734776,-0.48,1.1,-1.2,33.6,0.9823845563418654
120,CMR,Cameroun,6.9,27198628.0,554.530675,-1.39,850172.4373,2.39,2.271857625,-0.9,1.4,-1.12,33.6,3.85174208051965
124,CAN,Canada,37.2,38239864.0,1.253876902,0.96,56726.46587,3.95,3.395193185,1.56,0.9,1.62,71.0,34.885584321115786
132,CPV,Cap-Vert,17.6,587925.0,93.21809241,0.89,303203.4529,2.64,1.862152975,0.0,0.9,1.02,41.9,0.9889016456180635
152,CHL,Chili,41.7,19493184.0,758.9553787,0.16,10219168.83,3.08,4.524568383,0.59,0.8,0.96,55.3,34.898839512313636
196,CYP,Chypre,30.3,1244188.0,17.300494354999998,0.42,26515.35547,2.94,2.446088672,0.7,0.8,0.37,64.8,21.411555166904037
170,COL,Colombie,27.4,51516562.0,3744.244167,-0.95,17591294.23,2.77,3.495057574,-0.05,0.9,-0.37,52.9,32.88912990738784
174,COM,Comores,16.1,821625.0,415.9558491,-0.23,517517.7474,2.43,3.475403203,-1.81,1.4,-1.31,42.5,0.7120036513007759
408,PRK,Corée du Nord,6.0,25971909.0,17.300494354999998,-0.48,57721.568784999996,2.64,3.475403203,-1.58,1.0,-1.62,45.599999999999994,1.1898316754459597
410,KOR,Corée du Sud,34.6,51769539.0,1143.951667,0.63,37062526.29,3.67,2.498333333,1.37,1.4,0.73,62.3,18.06081371518491
188,CRI,Costa Rica,26.7,5153957.0,620.78472,0.86,7235902.877,2.68,1.726477551,0.22,1.0,0.47,52.5,28.680099581738848
191,HRV,Croatie,36.9,3878981.0,6.360083167,0.62,13989.00343,3.0,2.554506996,0.55,1.0,0.04,63.1,15.109638330272821
192,CUB,Cuba,23.2,11256372.0,17.300494354999998,0.39,4560.421422,2.19,3.475403203,-0.25,1.0,-0.03,48.4,1.5918095102045313
531,CUW,Curaçao,25.15,152369.0,1.79,0.18,26891.07397,2.64,3.475403203,-0.045,0.7,-0.055,45.599999999999994,392.3370239353149
384,CIV,Côte d'Ivoire,8.5,27478249.0,554.530675,-0.72,1368845.408,2.71,4.091951897,-0.54,1.4,-0.4,32.8,2.32725891667988
208,DNK,Danemark,28.9,5856733.0,6.287113083,0.93,398330.0748,3.95,1.85304544,1.96,0.6,2.33,81.6,27.84829016449956
262,DJI,Djibouti,7.4,1105557.0,177.721,-0.57,500127.9505,2.18,1.181917753,-0.83,1.3,-0.8,40.04,54.07229116183064
212,DMA,Dominique,36.8,72412.0,2.7,1.33,15349.3896,2.64,1.48319445,-0.12,0.9,0.55,51.2,5.101364414737889
724,ESP,Espagne,42.1,47415794.0,17.300494354999998,0.51,23786.65219,3.73,3.09313512,0.91,0.7,0.72,74.3,28.079462298996827
233,EST,Estonie,27.9,1330932.0,17.300494354999998,0.75,19400.12037,3.18,4.653166738,1.35,0.8,1.51,64.31,17.506529259195812
748,SWZ,Eswatini,12.7,1192271.0,14.78343514,-0.35,39162.63937,2.64,3.475403203,-0.75,1.3,-0.7,40.32,4.6303231396217805
242,FJI,Fidji,20.8,924610.0,2.070633333,0.72,9107.318221,2.27,0.1558557221,0.65,1.1,0.44,34.4,27.81172602502677
246,FIN,Finlande,32.5,5541017.0,17.300494354999998,0.96,41608.96817,3.94,2.194574323,1.92,0.6,2.24,78.64,25.013458720664456
250,FRA,France,38.3,67764304.0,17.300494354999998,0.33,34251.24175,3.81,1.64233141,1.23,0.6,1.28,80.0,16.86728753238578
266,GAB,Gabon,33.5,2341179.0,554.530675,-0.08,2445214.173,2.16,1.086907465,-0.82,1.0,-0.87,45.8,1.7561237308210946
270,GMB,Gambie,7.4,2639916.0,51.48444388,0.04,24773.56143,2.47,7.370347589,-0.68,0.9,-0.38,36.4,0.41614960476015145
288,GHA,Ghana,11.2,32833031.0,5.8057,0.07,5317.574546,2.4,9.971088675,-0.18,1.6,-0.13,27.7,1.98550051623318
292,GIB,Gibraltar,25.15,32669.0,0.7270649447,0.18,57721.568784999996,2.64,3.475403203,-0.045,1.0,-0.055,45.599999999999994,1829.8692950503535
308,GRD,Grenade,35.7,124610.0,2.7,1.04,18039.16219,2.56,1.219511939,0.02,1.0,0.49,47.9,3.3801460556937646
304,GRL,Groenland,25.15,56653.0,17.300494354999998,1.88,277842.3031,2.64,3.475403203,0.75,1.0,1.0,45.599999999999994,1055.1956648368136
300,GRC,Grèce,31.6,10569207.0,17.300494354999998,0.1,17089.38286,3.11,1.22382501,0.41,0.9,0.18,69.1,22.28170949816765
312,GLP,Guadeloupe,25.15,6085450.0,17.300494354999998,0.18,57721.568784999996,2.64,3.475403203,-0.045,1.0,-0.055,45.599999999999994,9.823431299246563
316,GUM,Guam,25.15,170534.0,17.300494354999998,0.88,30240.30399,2.64,3.475403203,0.64,1.0,1.28,45.599999999999994,350.5459321894754
320,GTM,Guatemala,18.9,17109746.0,7.734388333,-0.4,31947.7216,2.56,4.261051274,-0.78,0.9,-1.19,31.8,19.998485073945574
831,GGY,Guernesey,25.15,6085450.0,17.300494354999998,0.18,57721.568784999996,2.64,3.475403203,-0.045,1.0,-0.055,45.599999999999994,9.823431299246563
324,GIN,Guinée,8.2,13531906.0,17.300494354999998,-0.94,5434176.294,2.51,12.59728826,-0.95,1.1,-1.02,31.6,1.1082622063735885
226,GNQ,Guinée équatoriale,25.15,1634466.0,554.530675,-0.2,2988914.471,2.39,-0.09710076646,-1.18,1.1,-1.59,44.8,0.15925690714887922
624,GNB,Guinée-Bissau,6.7,2060721.0,554.530675,-0.28,427220.9508,2.28,2.242488796,-1.45,1.1,-1.32,40.2,1.4931181853341622
328,GUY,Guyana,32.4,804567.0,208.5,-0.14,2234476.433,2.33,5.032855746,-0.26,1.0,-0.19,38.5,60.83396410740187
254,GUF,Guyane,25.15,6085450.0,17.300494354999998,0.33,57721.568784999996,2.64,3.475403203,1.22,1.0,0.9,45.599999999999994,9.823431299246563
268,GEO,Géorgie,17.3,3708610.0,3.221558333,-0.43,13902.2437,2.46,9.566914338,0.62,1.0,0.66,41.3,6.741070104432658
239,SGS,Géorgie du Sud-et-les îles Sandwich du Sud,25.15,6085450.0,17.300494354999998,0.18,57721.568784999996,2.64,3.475403203,-0.045,1.0,-0.055,45.599999999999994,9.823431299246563
332,HTI,Haïti,10.5,11447569.0,89.22663651,-1.13,53662.83444,2.05,16.84152402,-2.22,1.0,-1.44,27.0,0.7646426940077845
340,HND,Honduras,17.4,10278345.0,24.01665532,-0.63,21986.21471,2.54,4.480879634,-0.82,1.1,-1.09,37.8,23.698435886322166
344,HKG,Hong Kong,72.7,7413100.0,7.77325,0.26,386879.0385,3.95,1.568758344,1.49,1.2,1.68,45.599999999999994,3.446722693609961
348,HUN,Hongrie,32.7,9709891.0,303.1408333,0.8,4335626.322,3.16,5.110965344,0.6,0.8,0.01,63.7,37.85933333340199
368,IRQ,Irak,8.5,43533592.0,1450.0,-2.38,4555972.521,2.15,6.041864891,-1.32,1.4,-1.27,39.5,3.3239159314030418
372,IRL,Irlande,40.7,5033164.0,17.300494354999998,0.84,81647.71901,3.75,2.340341134,1.47,0.5,1.62,72.8,29.359265861394544
352,ISL,Islande,42.6,372520.0,126.9888602,1.37,7183250.303,3.28,4.444239702,1.6,0.7,1.76,72.3,24.151723397401483
376,ISR,Israël,49.1,9371400.0,3.230198323,-1.12,158477.7408,3.36,1.510200477,1.25,0.7,0.83,65.8,57.759993170710885
380,ITA,Italie,31.3,59133173.0,17.300494354999998,0.55,28824.03757,3.7,1.873783258,0.33,0.8,0.52,71.0,18.069383829614555
388,JAM,Jamaïque,29.5,2827695.0,150.7901059,0.22,299913.5459,2.38,5.862782428,0.38,1.0,-0.05,48.2,44.2735160616686
392,JPN,Japon,25.4,125681593.0,109.7543238,1.02,4321447.748,4.03,-0.2333527794,1.36,1.0,1.54,74.69,18.64234645720953
832,JEY,Jersey,25.15,6085450.0,17.300494354999998,1.28,57721.568784999996,2.64,3.475403203,1.15,1.0,1.0,45.599999999999994,9.823431299246563
400,JOR,Jordanie,16.6,11148278.0,0.71,-0.32,2767.74884,2.69,1.346093772,0.2,0.9,0.03,53.4,22.11839353127003
398,KAZ,Kazakhstan,33.9,19191356.0,425.9075,-0.23,783436.1713,2.57,8.04147134,0.03,0.7,-0.26,44.7,13.733292217600466
404,KEN,Kenya,5.1,53005614.0,109.6377466,-1.03,177263.148,2.64,6.107936037,-0.32,1.2,-0.74,34.7,1.6875570953672945
417,KGZ,Kirghizistan,19.5,6773400.0,84.64082201,-0.47,94590.84706,2.23,11.90503982,-0.78,0.9,-1.15,39.8,1.6341866713910296
296,KIR,Kiribati,23.5,128874.0,1.33122426,1.14,2614.957245,2.64,2.053616768,0.09,1.0,0.28,49.0,7.689681394230023
414,KWT,Koweït,38.1,4250114.0,0.3016431108,0.26,9128.202582,2.89,3.423629476,-0.07,0.5,-0.06,53.6,15.139664488999589
638,REU,La Réunion,25.15,6085450.0,17.300494354999998,0.23,57721.568784999996,2.64,3.475403203,0.92,1.0,0.64,45.599999999999994,9.823431299246563
418,LAO,Laos,13.9,7425057.0,9697.915789,0.71,18103287.12,2.34,3.755620367,-0.62,1.2,-1.05,34.8,4.904662684744373
426,LSO,Lesotho,10.9,2281454.0,14.77867821,-0.21,8747.90914,2.34,6.04774592,-0.95,1.3,-0.35,32.3,0.4646598178179354
428,LVA,Lettonie,31.2,1884490.0,17.300494354999998,0.67,14854.73895,3.06,3.275829374,0.83,0.9,0.72,61.6,18.615116026086632
422,LBN,Liban,16.3,5592631.0,1507.5,-1.48,7839920.245,2.73,154.756096,-1.31,1.8,-1.25,45.4,22.64451203735773
430,LBR,Liberia,11.2,5193416.0,166.1537008,-0.29,673.7376709,2.3,3.475403203,-1.41,1.0,-0.94,24.9,2.76055297707713
434,LBY,Libye,25.2,6735277.0,4.514425,-2.31,15191.71397,2.25,2.868330278,-1.75,1.0,-1.58,49.79,19.462406668649265
438,LIE,Liechtenstein,25.15,39039.0,17.300494354999998,1.6,57721.568784999996,2.64,3.475403203,1.47,1.0,1.67,45.599999999999994,1531.289223596916
440,LTU,Lituanie,40.1,2800839.0,17.300494354999998,0.81,16486.99443,3.07,4.683544209,1.02,0.8,0.82,62.9,30.358760357164407
442,LUX,Luxembourg,36.7,640064.0,17.300494354999998,1.19,99526.45829,3.74,2.526920091,1.68,0.5,1.84,79.12,0.0
446,MAC,Macao,47.8,686607.0,8.00553175,1.03,361088.6577,2.64,0.02645436471,1.08,1.0,0.82,45.599999999999994,4.684921650958991
807,MKD,Macédoine du Nord,19.3,1837114.0,52.10215833,0.06,255051.6734,2.65,3.230749121,-0.12,1.2,-0.37,55.4,0.9226427973440952
450,MDG,Madagascar,2.5,28915653.0,3829.977849,-0.54,743036.5146,2.28,5.812251188,-1.03,1.3,-0.95,28.0,1.8326198616368787
458,MYS,Malaisie,28.7,33573874.0,4.143297598,0.06,41420.40773,3.43,2.477102415,0.95,0.8,0.15,47.9,47.15629480232159
454,MWI,Malawi,12.0,19889742.0,17.300494354999998,-0.11,374385.2484,2.71,9.330144108,-0.79,1.2,-0.32,40.6,7.225096233023033
462,MDV,Maldives,12.5,521457.0,15.37269841,0.53,156031.7367,2.54,0.5431496887,0.32,0.9,-0.38,37.4,114.64032508912528
466,MLI,Mali,3.8,21904983.0,554.530675,-2.33,251884.9501,2.37,3.925602831,-1.25,1.3,-0.89,29.4,2.7290594108199033
238,FLK,Malouines,25.15,6085450.0,17.300494354999998,0.18,57721.568784999996,2.64,3.475403203,-0.045,1.0,-0.055,45.599999999999994,9.823431299246563
470,MLT,Malte,28.1,518536.0,17.300494354999998,0.89,26275.03814,2.92,1.497892179,0.85,0.9,0.29,75.2,7.8490210901461035
504,MAR,Maroc,15.6,37076584.0,8.988484024,-0.4,31171.80078,2.6,1.40195884,-0.17,0.8,-0.42,42.3,14.159880532683378
474,MTQ,Martinique,25.15,6085450.0,17.300494354999998,0.63,57721.568784999996,2.64,3.475403203,0.92,1.0,0.64,45.599999999999994,9.823431299246563
480,MUS,Maurice,24.8,1266334.0,41.69213333,0.83,359010.4292,2.47,4.028528882,0.81,1.0,0.44,45.1,38.773340998504345
478,MRT,Mauritanie,16.2,4614974.0,36.06333333,-0.56,53192.61192,2.29,3.565164847,-0.78,1.1,-0.84,28.1,0.8651186333877504
175,MYT,Mayotte,25.15,6085450.0,17.300494354999998,0.18,57721.568784999996,2.64,3.475403203,-0.045,1.0,-0.055,45.599999999999994,9.823431299246563
484,MEX,Mexique,34.9,126705138.0,20.27240833,-0.69,183897.1115,3.02,5.689208477,-0.34,0.9,-1.02,52.6,28.953453331939862
498,MDA,Moldavie,26.5,2595809.0,17.68046614,-0.21,69405.68393,2.36,5.10641129,-0.44,0.8,-0.47,44.4,19.87815744532822
492,MCO,Monaco,25.15,36686.0,17.300494354999998,1.17,182339.312,2.64,3.475403203,2.03,1.0,1.28,45.599999999999994,1629.5044431118138
496,MNG,Mongolie,64.7,3347782.0,2849.288615,0.71,8092421.736,2.15,7.352812434,-0.52,0.8,-0.55,32.2,0.07342174609935773
500,MSR,Montserrat,25.15,6085450.0,17.300494354999998,0.18,57721.568784999996,2.64,3.475403203,-0.045,1.0,-0.055,45.599999999999994,9.823431299246563
499,MNE,Monténégro,36.6,619211.0,0.8453765644,-0.05,6232.658981,2.49,2.410801984,-0.03,0.9,-0.04,46.9,2.15225504714871
508,MOZ,Mozambique,4.6,32077072.0,65.465,-1.26,30590.41768,2.46,6.40847653,-0.75,1.2,-0.82,33.9,4.230685394228002
516,NAM,Namibie,18.4,2530151.0,14.778675,0.52,54516.5338,2.48,3.616905301,0.03,1.0,0.24,50.9,4.609685350795269
520,NRU,Nauru,54.8,12511.0,1.33122426,0.79,10120.20313,2.64,3.475403203,0.1,1.0,0.6,45.599999999999994,0.3197186475901207
558,NIC,Nicaragua,14.4,6850540.0,35.17101667,-0.47,27632.56619,2.56,4.928413969,-0.88,1.2,-1.25,39.2,20.915577458127387
562,NER,Niger,4.1,25252722.0,554.530675,-1.54,300164.283,2.37,3.837868028,-0.64,1.5,-0.58,35.74,0.800179085644708
566,NGA,Nigeria,3.3,213401323.0,401.1520292,-1.79,343872.1483,2.5,16.95284572,-1.03,1.0,-1.1,31.0,1.6071095304315428
570,NIU,Niue,25.15,6085450.0,17.300494354999998,1.33,57721.568784999996,2.64,3.475403203,-0.045,1.0,-0.055,45.599999999999994,0.00407529434963725
578,NOR,Norvège,31.2,5408320.0,8.59,1.09,627494.6749,3.8,3.483880553,1.8,0.9,2.11,77.49,19.607382699248564
540,NCL,Nouvelle-Calédonie,39.0,270390.0,100.8802226,0.18,3511520.326,2.64,3.475403203,-0.045,1.0,-0.055,45.599999999999994,3.2841451237101964
554,NZL,Nouvelle-Zélande,37.9,5111300.0,1.4138,1.4,59116.75621,3.59,3.941120608,1.31,0.7,2.17,71.3,43.902138399233074
524,NPL,Népal,9.3,30034989.0,118.1340816,-0.19,79734.256,2.31,4.149680034,-0.93,0.9,-0.56,31.44,7.55648686936426
512,OMN,Oman,22.5,4520471.0,0.3845,0.43,7665.24725,2.87,1.682211859,-0.16,0.8,0.06,38.5,1.452038957887353
800,UGA,Ouganda,4.8,45853778.0,3587.051707,-0.94,2854312.636,2.68,2.204572048,-0.6,1.2,-1.03,35.8,1.5122047304368247
860,UZB,Ouzbékistan,19.7,34915100.0,10609.46439,-0.25,4351647.74,2.43,10.84923975,-0.27,1.4,-0.83,44.3,3.5400156379331578
586,PAK,Pakistan,9.5,231402117.0,162.9062537,-1.71,168976.9156,2.68,9.496210561,-0.44,1.1,-0.81,33.1,7.817560286192196
585,PLW,Palaos,25.15,18024.0,1.0,1.17,12259.11465,2.64,2.612481858,0.37,1.0,0.6,45.599999999999994,3316.688859298713
275,PSE,Palestine,25.15,4922749.0,17.300494354999998,0.18,3051.48607,2.64,1.237481028,-0.045,0.7,-0.055,45.599999999999994,7.643188795528677
591,PAN,Panama,39.3,4351267.0,1.0,0.31,15233.34921,2.97,1.630703373,0.12,1.2,-0.59,50.5,45.41068153252834
598,PNG,Papouasie-Nouvelle-Guinée,29.0,9949437.0,3.50877193,-0.58,6345.721291,2.3,4.48359014,-0.89,1.0,-0.77,32.4,0.6742492062616207
600,PRY,Paraguay,17.3,6703799.0,6774.162735,0.0,32067057.06,2.64,4.787983101,-0.66,0.8,-1.03,46.4,11.195815984339626
528,NLD,Pays-Bas,31.2,17533044.0,17.300494354999998,0.89,44085.57972,4.15,2.675720088,1.73,0.6,2.0,75.3,49.58522889693313
535,BES,Pays-Bas caribéens,25.15,6085450.0,17.300494354999998,0.18,57721.568784999996,2.64,3.475403203,-0.045,1.0,-0.055,45.599999999999994,9.823431299246563
608,PHL,Philippines,15.9,113880328.0,49.25459773,-0.98,162803.2211,2.92,3.927180221,0.04,0.8,-0.53,38.4,11.797439677202194
616,POL,Pologne,41.4,37747124.0,3.861916667,0.49,59796.44966,3.38,5.055027047,0.25,0.8,0.55,60.9,55.54780809261124
258,PYF,Polynésie française,41.8,304032.0,100.8802226,0.18,1805823.071,2.64,3.475403203,-0.045,1.0,-0.055,45.599999999999994,1.9448610672560782
630,PRI,Porto Rico,25.15,3262693.0,17.300494354999998,0.49,29655.59432,2.64,3.475403203,-0.3,1.0,0.37,45.599999999999994,7.502697924689819
620,PRT,Portugal,40.9,10361831.0,17.300494354999998,0.94,18753.75028,3.45,1.265657191,0.95,0.7,0.74,67.0,28.956272303611204
604,PER,Pérou,25.3,33715471.0,3.880554131,-0.36,16368.21268,2.72,4.271663815,-0.29,1.0,-0.65,44.0,51.952642156474695
634,QAT,Qatar,37.4,2688235.0,3.64,0.83,244982.2514,3.32,2.304465657,1.08,0.7,0.78,37.1,13.147660081800884
642,ROU,Roumanie,28.8,19122059.0,4.160416667,0.18,24691.72384,2.97,5.052328761,-0.045,1.0,-0.055,64.7,23.629777525526933
826,GBR,Royaume-Uni,36.2,67026292.0,0.7270649447,0.49,30036.83742,3.96,2.518371096,1.24,0.5,1.64,79.89,27.46683346290438
643,RUS,Russie,34.8,144746762.0,73.65435,-0.71,639677.9375,2.64,6.69445892,-0.21,0.6,-0.92,50.5,31.899421694835564
646,RWA,Rwanda,3.7,13461888.0,988.6248066,0.07,727147.9305,2.42,-0.3913467483,0.23,1.4,0.57,33.8,0.999688899506518
732,ESH,République arabe sahraouie démocratique,25.15,6085450.0,17.300494354999998,0.18,57721.568784999996,2.64,3.475403203,-0.045,1.0,-0.055,45.599999999999994,9.823431299246563
140,CAF,République centrafricaine,17.6,5457154.0,554.530675,-2.13,142576.5467,2.5,4.259364175,-1.67,1.3,-1.25,36.9,1.1809085834850914
214,DOM,République dominicaine,24.4,11117873.0,57.22111667,0.29,247418.696,2.58,8.24300348,0.0,1.2,-0.59,46.3,31.255223008933452
178,COG,République du Congo,22.6,5835806.0,554.530675,-0.23,761600.7112,2.38,1.715642755,-1.32,1.1,-1.39,40.1,1.1795799928921558
180,COD,République démocratique du Congo,2.3,95894118.0,1989.391471,0.18,142646.017,2.38,3.475403203,-0.045,1.7,-0.055,36.4,0.10982946837260654
652,BLM,Saint-Barthélemy,25.15,6085450.0,17.300494354999998,0.18,57721.568784999996,2.64,3.475403203,-0.045,1.0,-0.055,45.599999999999994,9.823431299246563
659,KNA,Saint-Christophe-et-Niévès,43.3,47606.0,2.7,0.95,42417.34235,2.64,1.19568887,0.36,0.7,0.41,45.599999999999994,0.34659496702096376
674,SMR,Saint-Marin,25.15,33745.0,0.8453765644,1.17,36897.98925,2.64,3.475403203,1.75,1.0,1.28,45.599999999999994,1771.5217069195437
534,SXM,Saint-Martin,25.15,40708.0,1.79,0.18,55696.48718,2.64,3.475403203,-0.045,1.0,-0.055,45.599999999999994,1468.5074186892011
663,MAF,Saint-Martin,25.15,31948.0,17.300494354999998,0.18,15984.49042,2.64,3.475403203,-0.045,1.0,-0.055,45.599999999999994,1871.1656441717791
666,SPM,Saint-Pierre-et-Miquelon,25.15,6085450.0,17.300494354999998,0.18,57721.568784999996,2.64,3.475403203,-0.045,1.0,-0.055,45.599999999999994,9.823431299246563
336,VAT,Saint-Siège (État de la Cité du Vatican),25.15,6085450.0,17.300494354999998,0.18,57721.568784999996,2.64,3.475403203,-0.045,1.0,-0.055,45.599999999999994,9.823431299246563
670,VCT,Saint-Vincent-et-les-Grenadines,48.9,104332.0,2.7,1.04,22342.71364,2.64,1.572729325,0.3,0.8,0.77,53.2,4.339033086684814
654,SHN,"Sainte-Hélène, Ascension et Tristan da Cunha",25.15,6085450.0,17.300494354999998,0.18,57721.568784999996,2.64,3.475403203,-0.045,1.0,-0.055,45.599999999999994,9.823431299246563
662,LCA,Sainte-Lucie,48.1,179651.0,2.7,0.83,26072.55352,2.64,2.410703122,-0.12,0.9,0.56,49.4,7.605301389917117
222,SLV,Salvador,19.2,6314167.0,1.0,-0.09,4153.954005,2.7,3.466925853,-0.34,1.0,-0.55,43.1,24.612193500742062
882,WSM,Samoa,47.4,218764.0,2.556092342,1.11,9015.912124,2.64,3.133204732,0.38,1.0,0.59,37.3,1.8435391563511363
16,ASM,Samoa américaines,25.15,45035.0,17.300494354999998,1.07,14077.93938,2.64,3.475403203,0.64,1.0,1.28,45.599999999999994,1327.412012878872
678,STP,Sao Tomé-et-Principe,12.3,223107.0,20.71040152,0.59,18606.28757,2.62,8.137770384,-0.76,0.9,0.23,52.9,3.1428865970139888
688,SRB,Serbie,33.1,6834326.0,99.39594167,-0.09,775305.1874,2.69,4.085102853,0.01,1.0,-0.46,55.2,16.17247991974629
690,SYC,Seychelles,32.2,99258.0,16.92052257,0.74,228698.1251,2.64,9.76909937,0.9,1.0,1.6,58.2,14.811904330129561
694,SLE,Sierra Leone,5.6,8420641.0,10.43942532,-0.1,1237.26151,2.11,11.87395888,-1.15,1.2,-0.46,32.7,2.345189635800885
702,SGP,Singapour,25.15,5453566.0,1.343483333,1.44,92991.30147,4.14,2.30485959,2.25,0.7,2.14,58.1,13.928867827032807
703,SVK,Slovaquie,25.7,5447247.0,17.300494354999998,0.62,16672.50595,3.15,3.149606299,0.49,0.6,0.21,68.3,10.974350896884243
705,SVN,Slovénie,27.5,2108079.0,17.300494354999998,0.76,22340.24626,3.19,1.917065061,1.14,0.7,0.69,67.57,31.59274391519483
706,SOM,Somalie,25.15,17065581.0,17.300494354999998,-2.73,15993618.4,1.99,3.475403203,-2.08,1.3,-1.8,45.599999999999994,0.23357540537295507
728,SSD,Soudan du Sud,9.9,10748272.0,306.3546199,-2.29,57721.568784999996,2.64,10.51671583,-2.4,1.5,-1.84,45.599999999999994,4.584439247536721
144,LKA,Sri Lanka,5.5,22156000.0,198.7643168,-0.38,592413.1612,2.57,7.014780712,-0.11,1.0,-0.36,39.0,10.687398447373171
756,CHE,Suisse,29.2,8704546.0,0.9138458333,1.12,85190.30504,4.0,0.5818141685,1.99,0.6,1.96,81.5,12.328615415439243
740,SUR,Suriname,26.8,612985.0,18.23866667,0.35,24018.3887,2.64,59.11966263,-0.68,1.1,-0.42,45.9,20.11794742122564
752,SWE,Suède,32.3,10415811.0,8.576566716,1.01,462364.2845,4.08,2.163197364,1.61,0.6,2.1,78.7,17.251657120122477
744,SJM,Svalbard et île Jan Mayen,25.15,6085450.0,17.300494354999998,0.18,57721.568784999996,2.64,3.475403203,-0.045,1.0,-0.055,45.599999999999994,9.823431299246563
760,SYR,Syrie,8.8,21324367.0,1256.0,-2.66,32429.9896,2.08,3.475403203,-1.77,1.9,-1.8,45.599999999999994,5.313780240229405
686,SEN,Sénégal,9.8,16876720.0,554.530675,-0.18,844313.4907,2.55,2.180322781,0.02,1.1,0.04,33.9,7.892647386458981
762,TJK,Tadjikistan,16.3,9750064.0,11.30885,-0.68,848.47401,2.3,3.475403203,-0.65,1.0,-1.35,38.2,3.1692099662115036
834,TZA,Tanzanie,5.8,63588334.0,2297.764226,-0.34,2072987.5,2.49,3.690919588,-0.65,0.9,-0.4,34.2,1.3556889224366218
158,TWN,Taïwan (République de Chine),39.3,6085450.0,17.300494354999998,0.77,57721.568784999996,2.64,3.475403203,1.43,1.3,1.18,57.2,112.46875744603932
148,TCD,Tchad,23.8,17179740.0,554.530675,-1.39,305991.3859,2.24,-0.7728443704,-1.46,0.9,-1.5,28.1,0.37827114962158914
203,CZE,Tchéquie,33.7,10505772.0,21.67816667,0.95,494078.5884,3.44,3.839844915,1.07,0.8,0.62,67.68,15.989305688339705
260,ATF,Terres australes et antarctiques françaises,25.15,6085450.0,17.300494354999998,0.18,57721.568784999996,2.64,3.475403203,-0.045,1.0,-0.055,45.599999999999994,9.823431299246563
86,IOT,Territoire britannique de l'océan Indien,25.15,6085450.0,17.300494354999998,0.18,57721.568784999996,2.64,3.475403203,-0.045,1.0,-0.055,45.599999999999994,9.823431299246563
764,THA,Thaïlande,11.7,71601103.0,31.97709344,-0.57,145522.4929,3.25,1.230395413,0.22,0.9,-0.48,45.4,25.09220842589534
626,TLS,Timor oriental,13.1,1320942.0,1.0,0.18,2059.315473,2.51,3.475403203,-0.045,1.0,-0.055,35.3,0.40160733779378655
768,TGO,Togo,4.4,8644829.0,554.530675,-0.7,514512.078,2.34,4.186215065,-0.69,1.2,-0.69,34.0,2.881641730565174
772,TKL,Tokelau,25.15,6085450.0,17.300494354999998,0.18,57721.568784999996,2.64,3.475403203,-0.045,1.0,-0.055,45.599999999999994,0.000788766648316887
776,TON,Tonga,25.15,106017.0,2.264959601,1.08,9477.83846,2.64,5.640511406,0.3,1.0,-0.43,45.1,2.584491166511031
780,TTO,Trinité-et-Tobago,26.6,1525663.0,6.758530049,0.24,97112.23501,2.48,2.059227469,0.15,0.9,-0.3,47.8,30.224761300496898
788,TUN,Tunisie,13.6,12262946.0,2.794466667,-0.76,7546.796276,2.57,5.706350208,-0.21,1.2,-0.26,46.7,12.419527901370518
795,TKM,Turkménistan,28.1,6341855.0,17.300494354999998,-0.33,57721.568784999996,2.4,3.475403203,-0.96,1.0,-1.44,43.9,3.3988478134552116
792,TUR,Turquie,19.6,84147318.0,8.850407549,-1.14,23896.18645,3.36,19.59649269,-0.12,1.1,-0.41,42.6,26.688555896695366
798,TUV,Tuvalu,25.15,11204.0,17.300494354999998,1.27,5758.657622,2.64,3.475403203,-0.4,1.0,0.66,45.599999999999994,5.622991788646912
804,UKR,Ukraine,22.0,43848986.0,27.28618938,-1.13,62746.11328,2.67,9.363139177,-0.44,1.0,-0.79,49.6,29.95964376462434
858,URY,Uruguay,27.3,3426260.0,43.554575,1.05,508866.6683,2.77,7.747914023,0.8,0.8,1.59,49.1,24.055675868147777
548,VUT,Vanuatu,19.3,319137.0,109.4525,0.9,206873.5371,2.64,2.343283582,-0.55,1.0,-0.04,36.9,1.9386658394357281
862,VEN,Venezuela,16.2,28199867.0,17.300494354999998,-1.45,57721.568784999996,2.47,3.475403203,-1.87,1.0,-1.62,50.3,15.333260259702643
876,WLF,Wallis-et-Futuna,25.15,6085450.0,17.300494354999998,0.18,57721.568784999996,2.64,3.475403203,-0.045,1.0,-0.055,45.599999999999994,9.823431299246563
887,YEM,Yémen,8.6,32981641.0,1028.107754,-2.58,57721.568784999996,2.44,3.475403203,-2.32,1.0,-1.67,45.599999999999994,6.029978920697124
894,ZMB,Zambie,8.7,19473125.0,20.01848659,0.05,7515.175043,2.47,22.02076762,-0.84,1.0,-0.76,38.4,2.595027762621562
716,ZWE,Zimbabwe,26.9,15993524.0,88.55244726,-0.95,13264.82638,2.31,98.54610509,-1.3,1.0,-1.25,43.41,7.065359704340332
818,EGY,Égypte,13.9,109262178.0,15.64452728,-1.03,67340.60127,2.87,5.214049405,-0.46,1.6,-0.71,43.3,21.9929718040217
784,ARE,Émirats arabes unis,39.1,9365145.0,3.6725,0.6,160738.6993,3.74,-0.0138599444,1.37,1.0,1.15,55.6,4.9645787651979765
218,ECU,Équateur,23.1,17797737.0,1.0,-0.26,6028.67269,2.67,0.1332513861,-0.24,0.8,-0.59,51.0,27.519566111129745
232,ERI,Érythrée,25.15,3620312.0,15.075,-1.06,57721.568784999996,2.29,3.475403203,-1.7,1.0,-1.26,31.7,0.31577388910127085
583,FSM,États fédérés de Micronésie,31.3,113131.0,1.0,1.2,2271.702716,2.64,3.191284066,0.3,1.0,0.56,37.4,1.4195932149455057
840,USA,États-Unis,52.6,332048977.0,1.0,-0.01,62741.00181,3.93,4.697858864,1.3,0.6,1.02,69.3,57.23101203832349
231,ETH,Éthiopie,3.8,120283026.0,43.73377832,-2.18,18524.39378,2.39,26.83952216,-0.65,1.3,-0.42,34.4,0.40610800729273305
74,BVT,Île Bouvet,25.15,6085450.0,17.300494354999998,0.18,57721.568784999996,2.64,3.475403203,-0.045,1.0,-0.055,45.599999999999994,9.823431299246563
162,CXR,Île Christmas,25.15,6085450.0,17.300494354999998,0.18,57721.568784999996,2.64,3.475403203,-0.045,1.0,-0.055,45.599999999999994,9.823431299246563
574,NFK,Île Norfolk,25.15,6085450.0,17.300494354999998,0.18,57721.568784999996,2.64,3.475403203,-0.045,1.0,-0.055,45.599999999999994,9.823431299246563
833,IMN,Île de Man,25.15,84263.0,0.7270649447,0.18,58716.6717,2.64,3.475403203,-0.045,1.0,-0.055,45.599999999999994,709.4454268184138
136,CYM,Îles Caïmans,25.15,68136.0,0.83333,1.62,66268.57724,2.64,3.475403203,1.24,0.7,0.47,45.599999999999994,877.3629212163908
166,CCK,Îles Cocos,25.15,6085450.0,17.300494354999998,0.18,57721.568784999996,2.64,3.475403203,-0.045,1.0,-0.055,45.599999999999994,9.823431299246563
184,COK,Îles Cook,25.15,6085450.0,17.300494354999998,1.15,57721.568784999996,2.64,3.475403203,-0.045,1.0,-0.055,45.599999999999994,0.0026785200765760955
234,FRO,Îles Féroé,25.15,52889.0,17.300494354999998,0.18,362321.0876,2.64,3.475403203,-0.045,1.0,-0.055,45.599999999999994,1130.2917430845735
334,HMD,Îles Heard-et-MacDonald,25.15,6085450.0,17.300494354999998,0.18,57721.568784999996,2.64,3.475403203,-0.045,1.0,-0.055,45.599999999999994,9.823431299246563
580,MNP,Îles Mariannes du Nord,25.15,49481.0,17.300494354999998,0.18,57721.568784999996,2.64,3.475403203,-0.045,1.0,-0.055,45.599999999999994,1208.140498373113
584,MHL,Îles Marshall,25.15,42050.0,17.300494354999998,0.93,5288.390025,2.64,3.475403203,0.02,1.0,0.42,33.5,1421.640903686088
612,PCN,Îles Pitcairn,25.15,6085450.0,17.300494354999998,0.18,57721.568784999996,2.64,3.475403203,-0.045,1.0,-0.055,45.599999999999994,9.823431299246563
90,SLB,Îles Salomon,7.7,707851.0,8.030102991,0.54,15029.99925,2.47,-0.1154378944,-0.83,1.0,-0.16,35.0,0.40206201587622253
796,TCA,Îles Turques-et-Caïques,25.15,45114.0,17.300494354999998,0.18,18302.10365,2.64,3.475403203,-0.045,1.0,-0.055,45.599999999999994,1325.0875559693222
92,VGB,Îles Vierges britanniques,25.15,31122.0,17.300494354999998,0.18,57721.568784999996,2.64,3.475403203,-0.045,0.7,-0.055,45.599999999999994,1920.8277103013945
850,VIR,Îles Vierges des États-Unis,25.15,105870.0,17.300494354999998,0.48,37782.1857,2.64,3.475403203,0.64,1.0,0.0,45.599999999999994,564.6547652781713
581,UMI,Îles mineures éloignées des États-Unis,25.15,6085450.0,17.300494354999998,0.18,57721.568784999996,2.64,3.475403203,-0.045,1.0,-0.055,45.599999999999994,9.823431299246563
248,ALA,Îles Åland,25.15,6085450.0,17.300494354999998,0.18,57721.568784999996,2.64,3.475403203,-0.045,1.0,-0.055,45.599999999999994,9.823431299246563
